Year,Team,Record,Avg AgeTeam,Total PayrollAllocations,Active26-Man,Injured,Retained,Buried,Playoffs,Champs
2025,LAD,93-69,29.5,"$350,024,106","$268,807,958","$48,883,969",-,"$1,753,867",1,1
2025,NYM,83-79,29.3,"$342,303,011","$268,004,963","$48,538,020",-,"$19,353,633",0,0
2025,PHI,96-66,30.4,"$293,240,191","$226,763,871","$55,474,994","$3,000,000","$2,359,921",1,0
2025,NYY,94-68,29.7,"$304,091,683","$198,430,719","$46,660,521","$5,000,000","$2,827,701",1,0
2025,CHC,92-70,29.6,"$214,020,073","$177,899,985","$11,051,639","$2,750,000","$4,108,173",1,0
2025,SD,90-72,29.3,"$223,125,239","$165,519,283","$28,221,328","$6,300,000","$7,365,058",1,0
2025,TOR,94-68,28.9,"$255,230,406","$160,405,569","$70,568,356",-,"$2,057,492",1,0
2025,HOU,87-75,28.6,"$232,140,003","$139,280,023","$51,185,631","$701,520","$5,075,621",0,0
2025,SF,81-81,28.4,"$178,562,152","$136,191,076","$7,481,768","$250,000","$3,134,646",0,0
2025,BOS,89-73,28.8,"$203,658,855","$129,032,021","$31,081,338","$7,360,000","$3,420,669",1,0
2025,ATL,76-86,29.5,"$220,223,651","$128,648,209","$68,078,413","$3,500,000","$11,733,626",0,0
2025,SEA,90-72,28,"$165,596,493","$128,418,817","$3,179,691","$1,750,000","$8,432,246",1,0
2025,TEX,81-81,30.3,"$226,526,491","$113,977,024","$103,593,859",-,"$2,174,353",0,0
2025,DET,87-75,28.5,"$157,542,361","$106,720,782","$27,908,427","$2,000,000","$4,649,896",1,0
2025,LAA,72-90,27.5,"$208,420,995","$99,015,619","$88,166,299","$2,000,000","$11,676,458",0,0
2025,STL,78-84,27.1,"$131,152,698","$86,756,503","$19,543,050",-,"$1,293,004",0,0
2025,MIL,97-65,27.4,"$137,618,720","$86,638,816","$15,805,635","$16,600,000","$3,307,850",1,0
2025,KC,82-80,28.5,"$133,630,058","$86,341,302","$26,724,341","$1,500,000","$2,640,601",0,0
2025,CIN,83-79,27.6,"$119,036,486","$82,400,075","$6,690,527","$3,000,000","$3,428,787",1,0
2025,ARI,80-82,27.4,"$177,424,443","$68,710,886","$55,771,644","$1,500,000","$2,303,444",0,0
2025,BAL,75-87,27.3,"$158,571,377","$64,226,457","$29,850,106",-,"$6,713,671",0,0
2025,COL,43-119,26,"$127,325,786","$60,517,751","$32,700,236","$1,500,000","$5,608,211",0,0
2025,PIT,71-91,27.3,"$84,423,338","$50,700,867","$2,440,921",-,"$3,956,275",0,0
2025,MIN,70-92,27.8,"$129,650,732","$49,351,640","$24,750,911","$225,000","$1,615,943",0,0
2025,ATH,76-86,26.9,"$78,384,241","$49,340,255","$15,933,681",-,"$941,654",0,0
2025,CLE,88-74,26.3,"$100,265,946","$48,754,621","$15,769,560",-,"$11,067,134",1,0
2025,TB,77-85,28,"$88,629,788","$41,105,049","$9,755,231","$1,000,000","$3,533,960",0,0
2025,MIA,79-83,26.3,"$67,794,627","$34,212,751","$7,294,675",-,"$1,820,687",0,0
2025,WSH,66-96,26.1,"$109,465,924","$25,303,478","$21,807,496",-,"$1,700,889",0,0
2025,CHW,60-102,26.4,"$79,960,763","$17,295,751","$41,763,612","$1,504,667","$6,808,578",0,0
2024,NYY,94-68,29.1,"$315,616,982","$260,398,360","$25,630,756","$12,000,000","$4,441,472",1,0
2024,PHI,95-67,29,"$244,253,627","$222,315,360","$3,031,516","$8,721,505","$2,549,868",1,0
2024,LAD,98-64,30.4,"$266,640,208","$198,627,830","$37,949,016","$1,100,000","$2,616,901",1,1
2024,NYM,89-73,30.4,"$322,960,494","$191,459,616","$37,578,740","$250,000","$6,961,503",1,0
2024,CHC,83-79,27.9,"$231,700,554","$177,772,473","$9,765,536","$8,350,000","$7,711,993",0,0
2024,HOU,88-73,29.2,"$248,670,553","$168,237,929","$45,109,866","$1,000,000","$13,654,282",1,0
2024,ATL,89-73,30.9,"$238,108,491","$156,354,098","$47,028,814","$5,052,328","$8,296,387",1,0
2024,TEX,78-84,29.5,"$227,545,408","$145,959,070","$70,265,121","$2,000,000","$798,138",0,0
2024,SD,93-69,30,"$172,855,090","$142,394,254","$9,034,386","$2,000,000","$2,437,482",1,0
2024,ARI,89-73,28.9,"$178,427,194","$134,502,970","$9,600,600","$7,881,888","$3,160,737",0,0
2024,TOR,74-88,27.9,"$219,180,044","$132,507,918","$26,456,777","$6,090,000","$5,599,986",0,0
2024,STL,83-79,28,"$179,440,274","$112,213,666","$44,602,200","$6,500,000","$1,100,353",0,0
2024,SF,80-82,27.6,"$207,092,069","$102,712,248","$53,530,513","$2,000,000","$6,491,662",0,0
2024,MIN,82-80,28.5,"$131,225,880","$102,020,614","$22,053,202","$250,000","$4,331,231",0,0
2024,SEA,85-77,28.5,"$149,346,087","$93,942,034","$29,288,727","$750,000","$2,396,735",0,0
2024,KC,86-76,29.4,"$125,570,914","$85,110,948","$14,486,000","$2,500,000","$2,386,442",1,0
2024,COL,61-101,26.8,"$147,506,521","$79,626,358","$51,060,000",-,"$3,687,580",0,0
2024,BOS,81-81,27.5,"$190,176,844","$77,335,266","$76,400,974","$1,240,000","$4,695,298",0,0
2024,CHW,41-121,26.1,"$142,916,866","$75,334,319","$8,292,506","$17,250,000","$4,396,245",0,0
2024,MIL,93-69,28,"$124,643,685","$72,648,748","$36,603,673","$8,750,000","$2,239,485",1,0
2024,BAL,91-71,28.4,"$111,309,008","$65,998,661","$10,808,540","$5,100,000","$2,351,725",1,0
2024,WSH,71-91,26.9,"$107,128,130","$60,980,492","$26,347,303","$4,197,634","$2,898,395",0,0
2024,CIN,77-85,28.2,"$102,298,823","$55,838,370","$23,275,248","$10,250,000","$1,625,060",0,0
2024,PIT,76-86,27.7,"$85,405,037","$51,224,258","$14,524,211","$4,000,000","$4,315,217",0,0
2024,CLE,92-69,26.3,"$107,113,214","$51,105,714","$21,120,833","$2,000,000","$11,940,830",1,0
2024,LAA,63-99,27.4,"$171,986,921","$39,880,367","$108,620,160","$2,500,000","$5,873,804",0,0
2024,TB,80-82,26.8,"$89,852,001","$37,672,775","$13,329,261","$1,100,000","$1,720,253",0,0
2024,DET,86-76,26,"$98,607,894","$33,305,299","$26,677,166","$8,260,000","$2,628,268",1,0
2024,OAK,69-93,26.5,"$63,503,127","$29,028,337","$15,585,124","$1,000,000","$3,062,089",0,0
2024,MIA,62-100,26.7,"$97,569,865","$11,552,956","$19,701,083","$5,250,000","$5,031,241",0,0
2023,PHI,90-72,28.4,"$245,410,961","$218,601,219","$12,530,327",-,"$10,933,645",1,0
2023,HOU,90-72,29.6,"$237,107,748","$211,270,410","$16,713,200",-,"$2,694,138",1,0
2023,TOR,89-73,29.6,"$214,916,600","$194,486,569","$6,851,292",-,"$3,802,638",1,0
2023,NYY,82-80,28.5,"$278,747,922","$187,316,625","$50,681,231",-,"$1,549,249",0,0
2023,SD,82-80,29.3,"$256,049,558","$164,627,425","$71,689,912",-,"$3,311,228",0,0
2023,ATL,104-58,28.5,"$206,424,932","$158,306,501","$34,160,535",-,"$2,510,008",1,0
2023,TEX,90-72,29.2,"$251,332,754","$148,828,188","$96,208,979",-,"$1,301,706",1,1
2023,LAD,100-62,30,"$235,747,111","$144,170,915","$33,764,202","$1,000,000","$1,294,237",1,0
2023,CHC,83-79,28.5,"$189,869,996","$135,207,874","$12,522,069",-,"$6,736,768",0,0
2023,SF,79-83,28.1,"$189,413,646","$130,565,831","$41,922,449","$517,712","$1,653,375",0,0
2023,BOS,78-84,28.3,"$182,930,664","$128,067,725","$28,736,341","$970,000","$3,682,265",0,0
2023,NYM,75-87,28.4,"$347,949,991","$104,207,606","$81,144,181",-,"$4,390,521",0,0
2023,MIL,92-70,28.9,"$129,339,624","$88,590,836","$11,924,851","$1,750,000","$13,185,808",1,0
2023,CHW,61-101,27.9,"$162,867,704","$85,296,484","$37,717,329",-,"$1,041,785",0,0
2023,STL,71-91,27.8,"$153,793,028","$83,908,832","$48,168,555",-,"$1,155,426",0,0
2023,DET,78-84,27.5,"$121,474,919","$82,473,940","$20,259,107",-,"$3,736,550",0,0
2023,MIN,87-75,28.8,"$156,104,540","$77,967,521","$71,263,008",-,"$3,452,245",1,0
2023,COL,59-103,28.1,"$171,240,555","$75,189,475","$46,898,657",-,"$1,539,234",0,0
2023,SEA,88-74,27.1,"$127,993,987","$72,174,032","$27,157,168",-,"$4,091,540",0,0
2023,MIA,84-78,28.7,"$105,435,809","$67,982,517","$25,595,861",-,"$1,158,917",1,0
2023,ARI,84-78,27.6,"$119,296,377","$60,271,739","$11,201,665",-,"$8,620,444",1,0
2023,CLE,76-86,26.3,"$92,103,949","$55,008,112","$1,885,266",-,"$4,220,902",0,0
2023,KC,56-106,26.7,"$96,083,853","$54,242,001","$17,014,952",-,"$2,167,329",0,0
2023,BAL,101-61,28,"$71,064,917","$53,163,604","$3,179,476",-,"$4,860,104",1,0
2023,TB,99-63,27.5,"$79,354,272","$52,744,710","$15,788,201",-,"$5,410,482",1,0
2023,WSH,71-91,26.9,"$93,383,875","$49,953,549","$32,649,575",-,"$2,646,435",0,0
2023,CIN,82-80,27.7,"$95,731,662","$43,846,791","$9,699,072",-,"$3,289,349",0,0
2023,LAA,73-89,26.8,"$230,534,276","$43,769,159","$147,537,321",-,"$3,984,515",0,0
2023,OAK,50-112,26.1,"$62,258,711","$31,211,881","$7,178,987",-,"$7,674,804",0,0
2023,PIT,76-86,25.6,"$75,734,681","$30,953,803","$22,463,351",-,"$4,516,234",0,0
2022,NYM,101-61,30.2,"$266,670,327","$229,440,710","$4,155,954","$4,400,000","$4,942,664",1,0
2022,LAD,111-51,29.5,"$264,996,019","$225,618,515","$28,920,266","$2,250,000","$1,256,241",1,0
2022,NYY,99-63,29.6,"$252,957,200","$214,676,803","$25,203,665",-,"$961,638",1,0
2022,SD,89-73,29.2,"$224,492,122","$173,934,032","$10,925,000","$4,500,000","$921,017",1,0
2022,PHI,87-75,28.3,"$244,458,518","$164,090,987","$11,897,332","$6,650,000","$9,886,523",1,0
2022,CHW,81-81,29.6,"$203,203,922","$154,697,729","$20,008,123","$6,500,000","$3,191,569",0,0
2022,HOU,106-56,29,"$183,791,796","$145,414,730","$21,550,000","$1,250,000","$2,135,613",1,1
2022,ATL,101-61,29,"$179,935,585","$143,630,429","$20,918,726","$1,025,000","$4,675,476",1,0
2022,TOR,92-70,28.5,"$177,287,681","$141,948,515","$25,698,159",-,"$1,685,299",1,0
2022,STL,93-69,28.8,"$156,428,325","$134,723,541","$8,750,000",-,"$3,384,971",1,0
2022,LAA,73-89,27.7,"$179,877,811","$118,104,253","$6,978,028",-,"$5,027,486",0,0
2022,BOS,78-84,28.8,"$211,808,993","$109,766,018","$50,192,677","$2,500,000","$3,153,778",0,0
2022,DET,66-96,27.5,"$136,248,620","$105,737,597","$13,003,502",-,"$2,374,458",0,0
2022,TEX,68-94,27.2,"$150,035,993","$100,539,086","$13,330,822","$1,000,000","$6,141,756",0,0
2022,MIL,86-76,28.5,"$133,086,663","$96,060,427","$5,763,506","$750,000","$4,714,717",0,0
2022,SEA,90-72,27.7,"$113,926,407","$84,933,408","$9,896,644","$500,000","$5,415,822",1,0
2022,CHC,74-88,27.9,"$151,054,737","$83,228,504","$44,219,852","$1,000,000","$3,380,922",0,0
2022,MIN,78-84,27,"$150,363,491","$77,058,186","$53,517,506","$4,500,000","$1,120,869",0,0
2022,COL,68-94,27.7,"$140,072,825","$74,270,636","$56,922,808",-,"$1,045,476",0,0
2022,KC,65-97,26.4,"$92,613,711","$62,728,828","$6,413,200","$1,000,000","$1,955,673",0,0
2022,WSH,55-107,28.8,"$126,782,278","$58,961,629","$40,678,930","$3,000,000","$1,511,795",0,0
2022,CLE,92-70,25.6,"$66,717,694","$56,740,005","$702,900",-,"$4,654,977",1,0
2022,MIA,69-93,27.8,"$88,452,043","$54,839,601","$20,999,362","$275,000","$1,938,473",0,0
2022,ARI,74-88,27.8,"$85,966,193","$53,178,906","$19,224,958","$500,000","$3,328,922",0,0
2022,TB,86-76,27.9,"$98,342,073","$50,869,016","$33,372,433","$2,500,000","$2,645,598",1,0
2022,SF,81-81,28.3,"$162,453,046","$43,246,200","$90,082,706","$5,000,000","$3,472,538",0,0
2022,PIT,62-100,26,"$56,197,847","$30,472,503","$8,449,026",-,"$4,203,480",0,0
2022,BAL,83-79,27.1,"$44,888,388","$25,488,146","$2,759,974","$1,000,000","$3,381,808",0,0
2022,CIN,62-100,27.9,"$115,417,321","$22,546,012","$61,180,258","$1,000,000","$1,542,568",0,0
2022,OAK,60-102,27.1,"$48,443,900","$15,196,960","$6,642,582","$1,000,000","$3,265,269",0,0
2021,NYM,77-85,29.6,"$201,189,189","$176,565,754","$11,933,570","$1,400,000","$3,735,419",0,0
2021,LAD,106-56,28.9,"$261,320,507","$170,835,123","$37,823,684","$4,500,000","$15,374,310",1,0
2021,HOU,95-67,29,"$194,222,042","$146,877,726","$39,870,546","$250,000","$3,339,565",1,0
2021,NYY,92-70,28.9,"$205,669,863","$141,518,753","$48,217,362","$2,353,067","$3,804,036",1,0
2021,BOS,92-70,29.1,"$187,100,784","$141,452,731","$2,832,729","$5,000,000","$1,440,831",1,0
2021,PHI,82-80,28.2,"$190,519,366","$141,020,189","$19,936,225",-,"$5,759,036",0,0
2021,SF,107-55,30,"$171,890,308","$134,386,796","$19,766,740","$8,000,000","$4,778,553",1,0
2021,SD,79-83,29.1,"$179,767,122","$125,977,584","$49,745,500","$1,500,000","$1,494,672",0,0
2021,CHW,93-69,28,"$140,926,169","$125,829,369","$3,193,240",-,"$1,804,417",1,0
2021,STL,90-72,29.5,"$151,469,994","$116,018,560","$14,512,682","$2,500,000","$1,179,623",1,0
2021,ATL,88-73,28.2,"$152,753,755","$115,354,620","$3,301,950","$14,566,935","$2,956,717",1,1
2021,TOR,91-71,28.2,"$150,140,253","$109,902,749","$8,853,529",-,"$3,068,854",1,0
2021,CIN,83-79,28,"$126,608,690","$85,325,437","$35,531,500",-,"$1,525,344",0,0
2021,MIN,73-89,28.5,"$121,417,939","$84,942,828","$13,198,044","$1,250,000","$3,342,848",0,0
2021,MIL,95-67,28.9,"$99,377,415","$79,937,621","$3,109,474","$6,750,000","$6,217,716",1,0
2021,COL,74-87,27.7,"$116,285,650","$79,695,422","$5,931,272","$2,000,000","$3,087,000",0,0
2021,DET,77-85,27.5,"$86,348,945","$61,408,153","$13,503,703",-,"$3,084,337",0,0
2021,SEA,90-72,27.4,"$83,822,113","$57,010,274","$16,037,933","$2,000,000","$2,199,327",1,0
2021,ARI,52-110,27.5,"$91,636,935","$54,233,884","$8,694,478","$2,500,000","$2,840,361",0,0
2021,KC,74-88,27.4,"$91,595,545","$52,514,932","$15,758,956",-,"$1,580,873",0,0
2021,OAK,86-76,30,"$90,400,598","$51,210,210","$34,397,095","$1,250,000","$1,712,682",0,0
2021,WSH,65-97,28.4,"$144,023,139","$49,731,446","$34,829,773",-,"$2,400,588",0,0
2021,TB,100-62,28.1,"$70,836,327","$44,288,651","$18,352,159",-,"$1,977,492",1,0
2021,CLE,80-82,26.6,"$50,670,534","$35,682,311","$1,367,760","$450,000","$1,470,889",0,0
2021,LAA,77-85,28.7,"$183,849,560","$33,967,088","$100,777,679",-,"$2,441,674",0,0
2021,CHC,71-91,28,"$144,040,237","$33,340,389","$38,537,463",-,"$667,976",0,0
2021,TEX,60-102,27,"$95,791,911","$24,846,124","$7,899,375",-,"$4,129,712",0,0
2021,PIT,61-101,26.8,"$54,356,609","$17,797,841","$7,847,255",-,"$971,911",0,0
2021,MIA,67-95,27.1,"$58,157,900","$16,304,223","$15,489,077",-,"$2,423,696",0,0
2021,BAL,52-110,26.8,"$42,421,870","$13,838,690","$7,682,535",-,"$1,855,026",0,0
2020,LAD,43-17,28,"$124,917,397","$94,165,961","$493,889","$4,666,667","$7,205,387",1,1
2020,NYY,33-27,29,"$111,939,081","$77,215,694","$9,920,725","$2,500,000","$819,685",1,0
2020,CHC,34-26,28.8,"$86,596,171","$66,116,504","$6,448,626","$11,000,000","$1,566,578",1,0
2020,HOU,29-31,27.8,"$82,811,819","$61,406,160","$18,763,334","$250,000","$910,844",1,0
2020,PHI,28-32,28.3,"$73,543,547","$57,105,401","$13,236,891","$2,250,000","$539,182",0,0
2020,LAA,26-34,28,"$67,040,893","$56,821,306","$509,650","$1,000,000","$596,339",0,0
2020,SD,37-23,28.4,"$73,097,954","$54,293,958","$3,531,020","$500,000","$801,761",1,0
2020,CIN,31-29,28.4,"$55,535,890","$51,854,326","$658,696",-,"$1,100,730",1,0
2020,STL,30-28,28,"$73,246,343","$51,757,860","$12,343,763","$1,000,000","$1,087,757",1,0
2020,ATL,35-25,29.1,"$63,561,931","$50,458,292","$7,255,497","$500,000","$3,847,858",1,0
2020,MIN,36-24,29.5,"$59,679,689","$49,057,558","$6,876,058","$250,000","$840,180",1,0
2020,NYM,26-34,29.3,"$81,945,598","$46,360,406","$15,399,881","$16,000,000","$373,486",0,0
2020,WSH,26-34,29.5,"$75,067,703","$45,664,863","$20,500,582","$6,750,000","$468,865",0,0
2020,CHW,35-25,27.3,"$53,665,251","$43,034,329","$1,819,815","$1,250,000","$789,761",1,0
2020,SF,29-31,29,"$73,408,817","$40,562,214","$1,428,006","$37,380","$8,718,276",0,0
2020,BOS,24-36,27.6,"$84,210,390","$36,071,047","$16,644,224","$500,000","$15,719,893",0,0
2020,OAK,36-24,29.3,"$36,720,178","$35,283,875","$902,038",-,"$421,117",1,0
2020,CLE,35-25,27.8,"$39,299,107","$34,471,070","$209,630","$1,750,000","$1,139,981",1,0
2020,TOR,32-28,27.6,"$55,000,175","$33,470,167","$5,114,444","$500,000","$1,538,164",1,0
2020,TEX,22-38,27.1,"$64,215,248","$30,879,036","$16,905,177","$1,057,222","$843,955",0,0
2020,DET,23-35,26.7,"$43,164,880","$29,636,694","$6,108,631",-,"$931,329",0,0
2020,MIL,29-31,27.9,"$41,434,086","$28,464,819","$1,203,704","$2,425,926","$1,354,699",1,0
2020,SEA,27-33,26.8,"$51,433,829","$25,865,136","$3,268,960","$1,500,000","$1,035,465",0,0
2020,KC,26-34,26.9,"$34,934,696","$25,320,148","$7,094,043","$1,000,000","$1,056,391",0,0
2020,COL,26-34,28.4,"$67,808,533","$23,940,328","$17,205,744","$6,000,000","$958,757",0,0
2020,TB,40-20,27.9,"$28,290,689","$21,769,463","$1,958,020",-,"$2,476,255",1,0
2020,ARI,25-35,28.1,"$65,601,868","$20,286,813","$1,589,593","$5,600,000","$500,312",0,0
2020,MIA,31-29,28.2,"$34,222,260","$17,388,599","$2,897,429","$225,000","$1,600,970",1,0
2020,PIT,19-41,27.4,"$25,343,022","$12,738,842","$8,467,312","$250,000","$199,360",0,0
2020,BAL,25-35,27,"$23,478,635","$10,252,278","$11,102,531",-,"$562,935",0,0
2019,CHC,84-78,28.7,"$221,580,085","$197,673,216","$11,093,615","$3,500,000","$4,538,027",0,0
2019,NYY,103-59,28.6,"$223,019,037","$171,935,047","$42,325,463","$7,000,000","$408,808",1,0
2019,BOS,84-78,28.1,"$229,166,880","$165,856,221","$37,583,783",-,"$394,076",0,0
2019,LAD,106-56,28.3,"$207,000,814","$157,394,622","$1,341,835","$6,616,666","$5,736,477",1,0
2019,WSH,93-69,29.4,"$172,321,791","$155,857,858","$1,369,684","$4,000,000","$1,031,624",1,1
2019,HOU,107-55,28.5,"$167,138,259","$153,370,215","$11,713,065","$562,664","$277,512",1,0
2019,SF,77-85,27.8,"$178,582,126","$137,019,224","$9,768,564",-,"$552,436",0,0
2019,STL,91-71,27.3,"$173,762,164","$135,268,456","$21,794,083",-,"$271,874",1,0
2019,COL,71-91,27.3,"$157,091,013","$120,506,596","$12,420,904","$1,500,000","$6,295,273",0,0
2019,LAA,72-90,27.2,"$160,270,385","$118,016,581","$15,868,930",-,"$2,420,120",0,0
2019,ATL,97-65,28.7,"$143,947,963","$117,758,736","$8,328,689","$6,000,000","$68,632",1,0
2019,MIL,89-73,28.2,"$136,850,200","$108,189,770","$8,283,400","$8,500,000","$128,312",1,0
2019,NYM,86-76,28.1,"$146,835,812","$104,490,573","$16,519,542","$15,500,000","$604,730",0,0
2019,MIN,101-61,27.3,"$125,256,003","$96,059,595","$1,773,872","$11,000,000","$266,305",1,0
2019,TEX,78-84,26.9,"$148,538,766","$85,904,339","$26,592,526","$4,341,935","$4,789,500",0,0
2019,SEA,68-94,26.9,"$144,388,309","$84,703,863","$5,638,913","$5,450,000","$1,015,441",0,0
2019,CIN,75-87,27.2,"$128,691,569","$84,680,306","$580,000",-,"$357,072",0,0
2019,CLE,93-69,27.6,"$106,838,693","$83,738,008","$6,588,308","$2,850,000","$347,039",0,0
2019,OAK,97-65,28.5,"$98,644,531","$83,509,128","$622,664","$500,000","$642,234",1,0
2019,PHI,81-81,27.8,"$159,637,244","$82,703,582","$67,270,903","$3,017,904","$812,246",0,0
2019,DET,47-114,26.8,"$114,631,137","$72,709,746","$14,738,806",-,"$1,034,074",0,0
2019,KC,59-103,26.5,"$104,773,003","$68,625,332","$11,895,598","$8,275,000","$1,044,688",0,0
2019,CHW,72-89,27.5,"$91,371,201","$67,330,431","$10,267,750","$1,000,000","$692,323",0,0
2019,MIA,57-105,27.4,"$75,596,271","$66,602,760","$3,001,903","$1,000,000","$1,023,588",0,0
2019,SD,70-92,25.6,"$103,699,790","$65,446,794","$10,746,013","$2,700,000","$2,138,027",0,0
2019,ARI,85-77,27.8,"$119,327,905","$65,040,742","$11,699,600","$550,000","$16,279,980",0,0
2019,TB,96-66,27.3,"$64,178,722","$54,345,374","$644,520",-,"$104,440",1,0
2019,BAL,54-108,26.5,"$73,328,658","$52,804,601","$9,822,272",-,"$1,815,309",0,0
2019,TOR,67-95,25.9,"$111,371,067","$36,637,976","$8,512,071","$2,250,000","$869,858",0,0
2019,PIT,69-93,26.8,"$72,176,474","$27,674,108","$19,571,272","$1,250,000","$377,951",0,0
2018,BOS,108-54,28.6,"$227,398,860","$167,955,780","$18,074,000","$1,000,000","$158,220",1,1
2018,LAD,92-71,28.8,"$199,582,045","$160,502,596","$3,908,850","$9,216,666","$4,628,920",1,0
2018,HOU,103-59,28.1,"$163,706,636","$158,702,930","$556,400","$936,170","$420,042",1,0
2018,CHC,95-68,28.8,"$194,259,933","$152,092,957","$37,451,220",-,"$298,862",1,0
2018,NYY,100-62,27.5,"$180,098,151","$148,010,829","$22,568,376","$500,000","$269,532",1,0
2018,SEA,89-73,29.4,"$160,993,827","$136,839,663","$13,496,812","$3,000,000","$1,296,012",0,0
2018,COL,91-72,28.3,"$143,968,544","$131,213,168","$7,545,000","$150,000","$767,976",1,0
2018,WSH,82-80,27.6,"$181,382,609","$130,197,979","$8,999,485","$500,000","$1,023,425",0,0
2018,CLE,91-71,29.6,"$142,604,703","$123,470,545","$12,836,166","$1,000,000","$1,075,444",1,0
2018,SF,73-89,28.4,"$205,665,348","$119,689,218","$64,341,827","$7,500,000","$498,250",0,0
2018,STL,88-74,26.8,"$163,534,311","$113,741,329","$27,345,600",-,"$1,539,584",0,0
2018,ARI,82-80,28.9,"$141,724,597","$107,901,628","$14,124,025","$314,516","$14,068,359",0,0
2018,PHI,80-82,27,"$104,297,471","$97,016,347",-,"$4,995,968","$344,440",0,0
2018,TEX,67-95,27.5,"$140,625,018","$96,239,016","$6,683,451","$2,750,000","$766,300",0,0
2018,LAA,80-82,27.5,"$173,717,599","$91,914,083","$57,532,566","$2,000,000","$143,570",0,0
2018,MIL,96-67,28.7,"$109,987,885","$90,891,778","$7,321,500","$500,000","$391,457",1,0
2018,KC,58-104,26.7,"$129,944,821","$83,618,228","$7,189,167","$2,000,000","$1,325,521",0,0
2018,NYM,77-85,27.9,"$150,187,987","$82,655,203","$49,831,436",-,"$595,087",0,0
2018,CIN,67-95,26.7,"$100,305,768","$82,511,299","$1,344,890",-,"$1,207,092",0,0
2018,TOR,73-89,26.8,"$150,946,147","$81,293,347","$20,481,474","$500,000","$430,710",0,0
2018,ATL,90-72,27.1,"$130,852,350","$73,767,565","$13,299,094","$19,166,668","$1,392,736",1,0
2018,BAL,47-115,26.2,"$130,413,607","$69,637,987","$12,650,000","$2,500,000","$1,574,640",0,0
2018,PIT,82-79,26.7,"$91,025,861","$67,576,415","$4,670,500","$300,000","$1,286,832",0,0
2018,DET,64-98,27.5,"$130,995,349","$67,047,516","$37,720,870",-,"$1,789,604",0,0
2018,OAK,97-65,28.9,"$80,315,288","$61,525,657","$4,972,604",-,"$3,698,396",1,0
2018,CHW,62-100,26.8,"$71,839,808","$57,261,542","$5,920,130","$1,000,000","$976,694",0,0
2018,MIN,78-84,27.1,"$115,538,840","$56,283,693","$29,213,890","$700,000","$776,730",0,0
2018,SD,66-96,26,"$102,710,815","$50,099,477","$5,702,300","$500,000","$1,884,608",0,0
2018,MIA,63-98,26.5,"$91,660,500","$43,028,514","$15,407,490",-,"$2,204,036",0,0
2018,TB,90-72,26.5,"$68,895,137","$25,668,988","$2,213,706","$574,597","$4,983,450",0,0
2017,LAD,104-58,28.5,"$259,302,593","$184,420,291","$22,654,516","$34,273,808","$10,735,130",1,0
2017,BOS,93-69,28.1,"$209,872,508","$172,158,546","$5,941,108","$11,800,000","$1,175,380",1,0
2017,SF,64-98,28.1,"$189,806,809","$171,792,784","$7,219,058",-,"$4,439,995",0,0
2017,NYY,91-71,27.5,"$209,044,502","$164,826,896","$7,867,680","$21,000,000","$179,239",1,0
2017,WSH,97-65,29.1,"$182,238,854","$164,539,852","$11,351,707","$3,500,000","$394,605",1,0
2017,BAL,75-87,27.9,"$175,254,785","$163,560,704",-,"$108,333","$4,426,913",0,0
2017,CHC,92-70,28.4,"$172,092,536","$161,127,834",-,-,"$216,302",1,0
2017,HOU,101-61,28.1,"$138,344,211","$132,170,916","$835,843",-,"$2,052,614",1,1
2017,TOR,76-86,28.9,"$175,617,487","$127,315,534","$22,811,106",-,"$3,576,045",0,0
2017,TEX,78-84,28.3,"$163,450,840","$126,415,185","$1,074,360","$3,500,000","$2,104,299",0,0
2017,KC,80-82,28.3,"$148,227,822","$125,678,691","$1,046,749","$9,500,000","$1,536,867",0,0
2017,SEA,78-84,28.4,"$160,797,330","$120,728,483","$29,449,738",-,"$1,389,132",0,0
2017,CLE,102-60,27.9,"$132,258,928","$116,072,319","$6,129,713","$9,750,000","$49,691",1,0
2017,LAA,80-82,28.9,"$166,161,209","$114,610,825","$16,095,730",-,"$631,368",0,0
2017,COL,87-75,27.6,"$139,324,341","$108,204,084",-,-,"$676,866",1,0
2017,STL,83-79,27,"$146,256,085","$107,961,954","$6,935,000","$3,750,000","$587,006",0,0
2017,DET,64-98,27.1,"$188,828,874","$91,135,320","$18,000,000",-,"$1,818,638",0,0
2017,ATL,72-90,27.5,"$106,468,575","$81,963,434","$1,997,766",-,"$1,469,392",0,0
2017,ARI,93-69,28.3,"$102,619,475","$81,644,775","$19,379,200","$150,000","$23,384",1,0
2017,MIN,85-77,27.8,"$121,048,871","$75,616,449","$22,830,000",-,"$3,105,113",1,0
2017,MIA,77-85,28.9,"$110,765,599","$72,360,311","$21,441,206","$400,000","$3,181,263",0,0
2017,PIT,75-87,27.5,"$100,503,030","$66,496,313","$16,750,000",-,"$125,689",0,0
2017,CIN,68-94,25.7,"$96,436,003","$64,567,947","$16,021,450",-,"$443,600",0,0
2017,TB,80-82,27.9,"$77,811,205","$63,918,694","$6,867,218","$535,000","$382,917",0,0
2017,MIL,86-76,28,"$69,924,718","$58,578,930","$547,000",-,"$4,765,174",0,0
2017,NYM,70-92,26.6,"$143,990,158","$48,736,470","$44,924,726","$500,000","$733,460",0,0
2017,CHW,67-95,26.3,"$85,495,238","$32,540,383","$7,571,000","$1,823,770","$525,009",0,0
2017,OAK,75-87,27.2,"$73,477,080","$31,723,817","$1,437,784","$11,666,667","$1,126,461",0,0
2017,PHI,66-96,25.9,"$104,020,808","$28,213,540","$16,578,578","$24,000,000","$339,068",0,0
2017,SD,71-91,26.5,"$76,921,678","$23,930,424","$5,182,750","$1,000,000","$5,014,521",0,0
2016,LAD,91-71,28.5,"$266,745,494","$193,881,011","$13,288,890","$42,096,597","$6,922,746",1,0
2016,SF,87-75,29.2,"$178,834,344","$176,684,532","$487,120","$730,505","$579,729",1,0
2016,CHC,103-58,28.4,"$186,772,494","$165,798,832","$2,050,500","$16,130,074","$1,510,576",1,1
2016,BOS,93-69,28.5,"$207,758,836","$165,121,274","$19,567,513","$372,801","$20,875,101",1,0
2016,DET,86-75,28.2,"$200,179,285","$163,019,728","$28,189,200","$1,047,141","$295,293",0,0
2016,NYY,84-78,27.6,"$220,743,376","$159,213,515","$10,509,409","$21,061,006","$781,986",0,0
2016,BAL,89-73,28.5,"$154,148,832","$148,307,663","$2,650,245","$1,590,764","$417,751",1,0
2016,TEX,95-67,27.6,"$161,021,690","$134,724,626","$21,458,018","$3,933,180","$186,122",1,0
2016,TOR,89-73,29.7,"$148,385,479","$134,332,539","$1,000,000","$4,605,327","$565,489",1,0
2016,STL,86-76,27.9,"$149,355,870","$132,790,389","$13,596,500","$2,968,981",-,0,0
2016,SEA,86-76,28.6,"$147,003,780","$132,303,221","$4,036,934","$813,515","$732,035",0,0
2016,WSH,95-67,28.5,"$139,583,852","$119,416,458","$5,869,400","$10,250,000","$90,208",1,0
2016,KC,81-81,28.3,"$141,587,358","$106,349,212","$20,825,000","$14,210,664","$202,482",0,0
2016,NYM,87-75,28,"$147,236,560","$101,296,332","$39,822,605","$2,675,000",-,1,0
2016,LAA,74-88,27.7,"$174,290,373","$89,811,509","$39,667,205","$3,616,638","$2,484,469",0,0
2016,CHW,78-84,27,"$129,715,686","$88,724,466","$12,024,268","$6,801,405",-,0,0
2016,COL,75-87,27.4,"$107,902,280","$88,354,041","$1,289,832","$824,871","$1,548,045",0,0
2016,ARI,69-93,26,"$97,874,482","$78,823,003","$1,051,200","$3,071,443","$545,188",0,0
2016,HOU,84-78,26.8,"$99,828,742","$75,441,606","$6,968,124","$10,119,516","$2,113,693",0,0
2016,MIN,59-103,27,"$97,244,457","$66,477,950","$24,241,532","$174,699","$2,861,681",0,0
2016,CIN,68-74,27,"$88,626,437","$63,783,665","$11,856,070","$3,107,803","$2,123,945",0,0
2016,CLE,94-67,28.1,"$105,971,268","$61,284,062","$11,875,000","$15,015,065","$1,047,141",1,0
2016,MIA,79-82,28,"$77,715,306","$60,842,038","$3,300,000","$9,311,696","$3,540,709",0,0
2016,PIT,78-83,28,"$99,518,136","$57,311,465","$10,861,276","$5,588,698","$77,644",0,0
2016,PHI,71-91,26.8,"$103,898,809","$53,797,706","$22,025,303","$14,913,177","$6,166,668",0,0
2016,MIL,73-89,27.1,"$63,161,191","$50,464,613","$2,517,700","$188,564","$1,879,781",0,0
2016,ATL,68-93,26.7,"$95,839,382","$46,676,093","$8,116,832","$19,283,609","$305,280",0,0
2016,TB,68-94,27.4,"$63,908,549","$36,226,000","$5,226,100","$12,756,854","$2,279,101",0,0
2016,OAK,69-93,26.7,"$83,109,288","$28,084,351","$19,754,414","$11,813,635","$171,926",0,0
2016,SD,68-94,27.2,"$83,435,559","$21,508,794","$13,711,664","$7,296,914","$33,286",0,0
2015,LAD,92-70,28.4,"$301,735,080","$202,137,688","$20,914,084","$50,164,195","$10,519,113",1,0
2015,NYY,87-75,27.6,"$221,242,659","$187,465,727","$24,415,379","$5,459,561","$394,492",1,0
2015,WSH,83-79,28,"$165,655,095","$146,009,803","$17,556,549","$2,000,000","$88,743",0,0
2015,SF,84-78,29.4,"$181,613,630","$133,109,385","$38,423,837","$7,522,089","$2,558,319",0,0
2015,STL,100-62,28.4,"$132,178,951","$128,814,787","$3,195,000",-,"$169,164",1,0
2015,TEX,88-74,28.1,"$149,234,268","$126,425,876","$13,135,760","$9,118,970","$553,662",1,0
2015,KC,95-67,28.8,"$126,391,174","$111,740,891","$10,483,450","$4,047,582","$119,251",1,1
2015,DET,74-87,27.4,"$162,160,921","$109,879,336","$27,072,978","$18,495,492",-,0,0
2015,BAL,81-81,27.6,"$116,400,870","$108,133,315","$1,245,000","$6,726,584","$295,971",0,0
2015,CHC,97-65,28.3,"$132,993,810","$106,652,384","$1,000,000","$23,656,617","$1,684,809",1,0
2015,LAA,85-77,28,"$143,348,162","$106,512,083","$19,015,000","$500,000","$1,777,357",0,0
2015,TOR,93-69,29.4,"$138,309,664","$106,426,104","$6,382,500","$25,214,964","$286,096",1,0
2015,NYM,90-72,28.3,"$115,698,927","$103,930,260","$5,551,249","$129,200","$5,776,251",1,0
2015,MIN,83-79,28.1,"$106,231,818","$101,448,147","$2,070,081","$2,200,000","$513,590",0,0
2015,SEA,76-86,27.5,"$126,045,473","$95,874,782","$1,383,169","$25,921,321","$2,866,201",0,0
2015,BOS,78-84,27.2,"$183,481,478","$95,030,446","$42,985,571","$43,729,277","$22,184",0,0
2015,CHW,76-86,27.4,"$118,875,487","$94,365,735","$507,500","$9,052,252","$1,950,000",0,0
2015,SD,74-88,27.6,"$107,915,272","$93,212,255","$11,029,819","$3,267,222","$405,976",0,0
2015,PIT,98-64,29,"$99,435,606","$81,904,030","$14,318,868","$13,866","$452,940",1,0
2015,COL,68-94,27.1,"$101,277,051","$74,930,648","$6,103,870","$19,940,868","$301,665",0,0
2015,CIN,64-98,27.4,"$112,333,097","$68,445,559","$22,890,777","$20,832,787","$163,974",0,0
2015,HOU,86-76,27.6,"$81,450,835","$64,818,398","$11,040,900","$3,150,680","$2,440,857",1,0
2015,MIL,68-94,26.5,"$93,298,373","$58,060,214","$1,020,000","$33,510,458","$707,701",0,0
2015,ATL,67-95,26.9,"$110,777,379","$54,961,789","$11,263,899","$44,307,649","$244,042",0,0
2015,PHI,63-99,27.4,"$141,722,639","$52,800,331","$33,290,177","$37,719,664","$3,912,467",0,0
2015,TB,80-82,27.1,"$73,241,552","$52,092,948","$8,440,963","$12,164,597","$543,044",0,0
2015,CLE,81-80,27.1,"$77,404,413","$45,520,977","$680,720","$10,349,836","$1,385,666",0,0
2015,ARI,79-83,26,"$76,781,801","$45,142,733","$1,026,500","$30,465,028","$147,540",0,0
2015,OAK,68-94,27.9,"$80,491,339","$42,311,467","$8,772,896","$29,168,581","$238,395",0,0
2015,MIA,71-91,27.1,"$72,990,525","$37,571,144","$15,751,830","$19,528,890","$138,661",0,0
2014,LAD,94-68,28.9,"$242,257,818","$235,557,818",-,"$3,000,000","$3,700,000",1,0
2014,NYY,84-78,29.5,"$212,512,317","$196,734,750",-,"$10,635,000","$114,519",0,0
2014,SF,88-74,28.8,"$160,336,782","$152,735,333",-,"$7,300,000","$100,000",1,1
2014,DET,90-72,27.8,"$172,143,106","$148,590,789","$15,800,000","$2,250,000","$497,070",1,0
2014,PHI,73-89,29.1,"$175,225,539","$145,286,948","$25,000,000","$1,067,009","$674,860",0,0
2014,WSH,96-66,28.3,"$143,278,577","$142,964,370",-,-,"$177,595",1,0
2014,LAA,98-64,28.6,"$165,244,781","$132,293,502",-,"$31,681,858","$900,000",1,0
2014,TEX,67-95,26.9,"$138,770,064","$130,811,403",-,"$642,758",-,0,0
2014,TOR,83-79,28,"$141,812,172","$122,125,961","$3,000,000","$3,484,357","$11,500,000",0,0
2014,STL,90-72,27.5,"$121,340,470","$114,640,584",-,"$3,500,000","$1,000,000",1,0
2014,BAL,96-66,28,"$113,562,943","$108,470,318",-,"$2,073,909","$2,809,699",1,0
2014,MIL,82-80,28.2,"$107,552,546","$106,950,089",-,"$331,967","$81,966",0,0
2014,ATL,79-83,27,"$116,865,707","$102,713,304",-,"$13,350,000","$51,911",0,0
2014,SEA,87-75,27.5,"$115,534,174","$100,330,060",-,"$2,845,710","$1,700,000",0,0
2014,CIN,76-86,27.9,"$113,351,318","$99,729,931","$5,500,000","$1,000,000","$1,744,338",0,0
2014,COL,66-96,27.8,"$96,772,365","$96,456,583",-,-,"$112,787",0,0
2014,BOS,71-91,27.7,"$170,095,758","$95,417,971",-,"$26,895,062","$30,054",0,0
2014,KC,89-73,28.7,"$98,558,300","$90,536,848",-,"$4,337,271","$3,335,000",1,0
2014,NYM,79-83,27.5,"$94,478,037","$74,021,346",-,"$18,927,594","$1,165,709",0,0
2014,MIN,70-92,27,"$87,494,478","$72,140,448",-,"$11,400,544","$16,393",0,0
2014,TB,77-85,28.2,"$83,321,046","$70,204,707",-,"$13,116,339",-,0,0
2014,PIT,88-74,27.6,"$76,976,823","$69,391,647",-,"$7,320,970","$264,206",1,0
2014,ARI,64-98,27,"$106,343,190","$68,375,588","$9,500,000","$18,025,819","$333,330",0,0
2014,SD,77-85,27.6,"$85,001,967","$67,296,350","$501,400","$5,020,901","$609,474",0,0
2014,OAK,88-74,29.1,"$92,888,412","$65,864,461",-,"$14,286,280","$4,418,715",1,0
2014,CLE,85-77,27.7,"$84,481,929","$60,720,646",-,"$12,650,273","$345,353",0,0
2014,CHW,73-89,26.9,"$89,297,302","$60,305,897",-,"$24,835,246","$579,656",0,0
2014,CHC,73-89,26.7,"$90,364,741","$54,429,470",-,"$10,043,033","$1,252,237",0,0
2014,HOU,70-92,26.6,"$52,182,183","$45,734,419",-,"$468,033","$396,174",0,0
2014,MIA,77-85,26.7,"$50,049,679","$41,986,784",-,"$3,510,654","$123,279",0,0
2013,NYY,85-77,29.8,"$234,518,126","$221,782,587",-,"$2,260,350","$1,975,189",0,0
2013,LAD,92-70,29.1,"$236,694,375","$207,849,759",-,"$18,621,666","$6,297,500",1,0
2013,BOS,97-65,28.9,"$174,734,264","$167,018,895",-,"$3,370,518","$2,746,393",1,1
2013,PHI,73-89,28.8,"$163,558,353","$154,284,216","$765,791","$2,750,000","$200,819",0,0
2013,DET,93-69,28.4,"$157,332,966","$151,033,294","$494,000","$3,292,255",-,1,0
2013,SF,76-86,28.4,"$140,280,186","$137,880,980",-,"$2,157,977","$241,229",0,0
2013,TEX,91-72,28.5,"$137,937,146","$124,162,497","$465,901","$12,600,000","$204,748",0,0
2013,TOR,74-88,29.3,"$131,752,425","$118,289,792",-,"$3,687,500","$7,849,068",0,0
2013,LAA,78-84,27.7,"$141,542,644","$117,426,989",-,"$17,882,513","$270,484",0,0
2013,STL,97-65,27.8,"$120,192,638","$114,729,933",-,"$3,782,787","$56,229",1,0
2013,WSH,86-76,26.9,"$116,584,094","$107,973,970","$491,000","$950,000","$2,093,714",0,0
2013,BAL,85-77,27.6,"$100,920,869","$99,656,019",-,"$701,692","$42,841",0,0
2013,CIN,90-72,28.3,"$103,804,640","$97,930,597","$4,500,000",-,"$1,374,043",1,0
2013,ATL,96-66,27.7,"$94,947,950","$94,401,592",-,-,"$343,386",1,0
2013,CHW,63-99,26.9,"$111,777,595","$82,929,539",-,"$4,500,000","$184,753",0,0
2013,CLE,92-70,28.1,"$93,008,897","$78,454,465","$602,603","$13,776,972","$37,761",1,0
2013,ARI,81-81,28.2,"$88,316,478","$78,126,043",-,"$1,607,377","$273,686",0,0
2013,KC,86-76,28.2,"$84,398,434","$76,594,673",-,"$6,399,663","$1,404,098",0,0
2013,COL,74-88,27.9,"$79,017,288","$73,766,018",-,"$1,250,000","$3,791,565",0,0
2013,NYM,74-88,28,"$101,300,814","$70,361,236","$500,625","$23,258,495","$741,210",0,0
2013,MIL,74-88,27.5,"$87,016,545","$70,123,690",-,"$2,950,000","$286,502",0,0
2013,TB,92-71,29.1,"$72,600,703","$70,029,393","$270,436","$2,250,000","$50,874",1,0
2013,PIT,94-68,28.2,"$71,480,984","$67,762,905",-,"$243,659","$2,885,709",1,0
2013,OAK,96-66,28,"$67,055,517","$65,065,572",-,"$1,475,846","$5,355",1,0
2013,SD,76-86,27.4,"$67,649,701","$64,220,894",-,"$2,345,939","$190,246",0,0
2013,SEA,71-91,26.8,"$82,720,022","$63,758,496",-,"$5,304,370","$243,660",0,0
2013,MIN,66-96,27.2,"$81,300,970","$58,450,017",-,"$250,000","$5,767,759",0,0
2013,CHC,66-96,26.8,"$103,152,899","$55,657,243","$2,263,715","$1,350,000","$4,326,611",0,0
2013,MIA,62-100,26.2,"$35,874,855","$27,634,640",-,"$675,874","$543,549",0,0
2013,HOU,51-111,25.3,"$28,727,913","$12,078,450",-,"$5,391,059","$1,086,502",0,0
2012,NYY,95-67,30.4,"$225,589,742","$213,651,218",-,"$250,000",-,1,0
2012,PHI,81-81,29.5,"$177,862,491","$167,544,458",-,"$3,639,344",-,0,0
2012,BOS,69-93,28.5,"$173,216,551","$166,392,780",-,-,-,0,0
2012,LAA,89-73,28.4,"$157,168,625","$153,844,690",-,-,-,0,0
2012,DET,88-74,27.2,"$143,782,286","$138,282,286",-,"$5,500,000",-,1,0
2012,TEX,93-69,27.4,"$138,312,903","$135,062,903",-,"$3,250,000",-,1,0
2012,SF,94-68,29,"$137,043,205","$122,345,338",-,"$13,859,615",-,1,1
2012,STL,88-74,28,"$119,957,765","$118,482,081",-,"$750,000",-,1,0
2012,LAD,86-76,29,"$116,707,717","$112,457,717",-,"$4,250,000",-,0,0
2012,MIL,83-79,27.6,"$111,903,295","$109,459,579",-,"$2,000,000",-,0,0
2012,CHW,85-77,27.9,"$108,841,055","$108,119,744",-,"$500,000",-,0,0
2012,MIN,66-96,27.6,"$107,939,507","$107,939,507",-,-,-,0,0
2012,NYM,74-88,27.4,"$104,988,166","$101,049,642",-,-,-,0,0
2012,WSH,98-64,27.2,"$96,169,359","$93,748,594",-,-,"$2,000,000",1,0
2012,TOR,73-89,28.2,"$95,551,627","$89,817,658",-,"$3,437,500","$650,000",0,0
2012,CIN,97-65,27.8,"$89,901,498","$89,101,498",-,-,"$800,000",1,0
2012,ATL,94-68,28.4,"$97,928,056","$86,492,616",-,"$11,435,440",-,1,0
2012,CHC,61-101,26.2,"$114,891,526","$82,349,366",-,-,-,0,0
2012,MIA,69-93,27.3,"$98,120,191","$80,745,905",-,"$1,857,924","$124,316",0,0
2012,BAL,93-69,27,"$82,932,168","$80,099,381",-,"$2,832,787",-,1,0
2012,COL,64-98,27.2,"$87,232,529","$76,398,104",-,"$1,584,425",-,0,0
2012,ARI,81-81,28.6,"$80,711,013","$74,074,400",-,"$750,000",-,0,0
2012,SEA,75-87,26.7,"$83,289,928","$73,071,348",-,-,-,0,0
2012,CLE,68-94,27.2,"$76,577,243","$70,583,254",-,"$993,989",-,0,0
2012,TB,90-72,28.6,"$68,144,135","$67,844,135",-,"$300,000",-,0,0
2012,KC,72-90,26.4,"$70,344,235","$66,385,000",-,-,"$1,380,000",0,0
2012,SD,76-86,27.3,"$63,831,125","$60,053,625",-,"$2,550,000","$1,227,500",0,0
2012,PIT,79-83,28.2,"$61,118,682","$57,932,479",-,"$1,550,000",-,0,0
2012,OAK,94-68,27.2,"$60,470,192","$56,608,334",-,"$250,000",-,1,0
2012,HOU,55-107,26.1,"$54,067,239","$23,248,500",-,"$250,000",-,0,0
2011,NYY,97-65,29.5,"$210,950,685","$210,950,685",-,-,-,1,0
2011,PHI,102-60,29.9,"$170,018,182","$169,849,882",-,"$168,300",-,1,0
2011,BOS,90-72,28.9,"$170,490,761","$162,455,090",-,"$699,671",-,0,0
2011,LAA,86-66,27.7,"$146,234,559","$133,199,959",-,"$1,234,600",-,0,0
2011,SF,86-76,29,"$125,242,452","$124,142,452",-,"$1,100,000",-,0,0
2011,CHC,71-91,28.1,"$137,666,584","$123,941,584",-,-,-,0,0
2011,STL,90-72,28.3,"$118,919,465","$115,410,901",-,"$750,000","$700,000",1,1
2011,CHW,79-83,28.5,"$127,163,487","$114,382,485",-,"$450,000",-,0,0
2011,DET,95-67,27.6,"$111,521,015","$111,271,015",-,"$250,000",-,1,0
2011,MIN,63-99,27.2,"$113,591,627","$106,483,033",-,"$132,500",-,0,0
2011,TEX,96-66,27.7,"$103,326,721","$98,857,920",-,"$3,900,000",-,1,0
2011,LAD,82-79,28.6,"$114,748,517","$97,959,517",-,"$1,689,000",-,0,0
2011,ATL,89-73,28.7,"$98,344,460","$97,919,860",-,"$424,600",-,0,0
2011,NYM,77-85,28.9,"$141,831,841","$96,163,418",-,"$18,250,000",-,0,0
2011,MIL,96-66,28.6,"$91,150,638","$90,650,638",-,"$500,000",-,1,0
2011,BAL,69-93,27.7,"$90,804,322","$90,444,664",-,-,"$359,658",0,0
2011,SEA,67-95,26.9,"$100,829,148","$88,307,834",-,"$250,000",-,0,0
2011,CIN,79-83,27.8,"$81,920,546","$79,612,874",-,"$2,000,000",-,0,0
2011,COL,73-89,27.8,"$82,897,934","$77,367,736",-,"$3,550,000",-,0,0
2011,HOU,56-106,27.2,"$84,598,388","$71,121,885",-,"$4,000,000",-,0,0
2011,WSH,80-81,27.4,"$72,699,723","$70,699,723",-,-,"$2,000,000",0,0
2011,OAK,74-88,27.3,"$75,241,048","$68,725,475",-,"$3,000,000",-,0,0
2011,MIA,72-90,27.2,"$65,006,851","$63,006,851",-,"$2,000,000",-,0,0
2011,ARI,94-68,28.5,"$64,297,970","$56,498,519",-,"$1,882,500","$900,000",1,0
2011,TOR,81-81,26.2,"$73,491,604","$56,304,461",-,"$9,437,500",-,0,0
2011,CLE,80-82,27.3,"$55,544,993","$55,544,993",-,-,-,0,0
2011,SD,71-91,27.9,"$48,018,810","$47,418,810",-,"$600,000",-,0,0
2011,TB,91-71,27.7,"$45,386,925","$45,386,925",-,-,-,1,0
2011,PIT,72-90,26.9,"$47,140,145","$45,332,085",-,-,-,0,0
2011,KC,71-91,26.1,"$52,072,804","$38,273,131",-,-,"$1,380,000",0,0